# Delay,Movie,Bitrate,Speed
5,vid-02.mp4,500,ultrafast
5,vid-02.mp4,500,ultrafast
5,vid-03.mp4,500,ultrafast
5,vid-04.mp4,500,ultrafast
5,vid-05.mp4,500,ultrafast
5,vid-06.mp4,500,ultrafast
5,vid-07.mp4,500,ultrafast
5,vid-08.mp4,500,ultrafast
5,vid-09.mp4,500,ultrafast
5,vid-10.mp4,500,ultrafast
5,vid-11.mp4,500,ultrafast
5,vid-12.mp4,500,ultrafast
5,vid-13.mp4,500,ultrafast
5,vid-14.mp4,500,ultrafast
5,vid-15.mp4,500,ultrafast
5,vid-16.mp4,500,ultrafast
5,vid-17.mp4,500,ultrafast
5,vid-18.mp4,500,ultrafast
5,vid-19.mp4,500,ultrafast
5,vid-20.mp4,500,ultrafast
